--------------------------------------------------------
--  File created - Saturday-December-26-2020   
--------------------------------------------------------
--------------------------------------------------------
--  DDL for Sequence HIBERNATE_SEQUENCE
--------------------------------------------------------

   CREATE SEQUENCE  "SASHA"."HIBERNATE_SEQUENCE"  MINVALUE 1 MAXVALUE 9999999999999999999999999999 INCREMENT BY 1 START WITH 42 CACHE 20 NOORDER  NOCYCLE  NOKEEP  NOSCALE  GLOBAL ;
--------------------------------------------------------
--  DDL for Table DIAGNOSTIC
--------------------------------------------------------

  CREATE TABLE "SASHA"."DIAGNOSTIC" 
   (	"CODBOALA" NUMBER(10,0) GENERATED ALWAYS AS IDENTITY MINVALUE 1 MAXVALUE 9999999999999999999999999999 INCREMENT BY 1 START WITH 1 CACHE 20 NOORDER  NOCYCLE  NOKEEP  NOSCALE , 
	"DENUMIRE" VARCHAR2(255 CHAR), 
	"TIP" VARCHAR2(255 CHAR)
   ) SEGMENT CREATION IMMEDIATE 
  PCTFREE 10 PCTUSED 40 INITRANS 1 MAXTRANS 255 
 NOCOMPRESS LOGGING
  STORAGE(INITIAL 65536 NEXT 1048576 MINEXTENTS 1 MAXEXTENTS 2147483645
  PCTINCREASE 0 FREELISTS 1 FREELIST GROUPS 1
  BUFFER_POOL DEFAULT FLASH_CACHE DEFAULT CELL_FLASH_CACHE DEFAULT)
  TABLESPACE "USERS" ;
--------------------------------------------------------
--  DDL for Table MEDICAMENTE
--------------------------------------------------------

  CREATE TABLE "SASHA"."MEDICAMENTE" 
   (	"COD_MEDICAMENT" NUMBER(10,0) GENERATED ALWAYS AS IDENTITY MINVALUE 1 MAXVALUE 9999999999999999999999999999 INCREMENT BY 1 START WITH 1 CACHE 20 NOORDER  NOCYCLE  NOKEEP  NOSCALE , 
	"DENUMIRE_MEDICAMENT" VARCHAR2(255 CHAR)
   ) SEGMENT CREATION IMMEDIATE 
  PCTFREE 10 PCTUSED 40 INITRANS 1 MAXTRANS 255 
 NOCOMPRESS LOGGING
  STORAGE(INITIAL 65536 NEXT 1048576 MINEXTENTS 1 MAXEXTENTS 2147483645
  PCTINCREASE 0 FREELISTS 1 FREELIST GROUPS 1
  BUFFER_POOL DEFAULT FLASH_CACHE DEFAULT CELL_FLASH_CACHE DEFAULT)
  TABLESPACE "USERS" ;
--------------------------------------------------------
--  DDL for Table PACIENT
--------------------------------------------------------

  CREATE TABLE "SASHA"."PACIENT" 
   (	"ID" NUMBER(10,0) GENERATED ALWAYS AS IDENTITY MINVALUE 1 MAXVALUE 9999999999999999999999999999 INCREMENT BY 1 START WITH 1 CACHE 20 NOORDER  NOCYCLE  NOKEEP  NOSCALE , 
	"CNP" NUMBER(19,0), 
	"NUME" VARCHAR2(255 CHAR), 
	"PRENUME" VARCHAR2(255 CHAR), 
	"TIPASIG" VARCHAR2(255 CHAR), 
	"VARSTA" NUMBER(10,0), 
	"USER_ID" NUMBER(10,0)
   ) SEGMENT CREATION IMMEDIATE 
  PCTFREE 10 PCTUSED 40 INITRANS 1 MAXTRANS 255 
 NOCOMPRESS LOGGING
  STORAGE(INITIAL 65536 NEXT 1048576 MINEXTENTS 1 MAXEXTENTS 2147483645
  PCTINCREASE 0 FREELISTS 1 FREELIST GROUPS 1
  BUFFER_POOL DEFAULT FLASH_CACHE DEFAULT CELL_FLASH_CACHE DEFAULT)
  TABLESPACE "USERS" ;
--------------------------------------------------------
--  DDL for Table RETETA
--------------------------------------------------------

  CREATE TABLE "SASHA"."RETETA" 
   (	"NR_RETETA" NUMBER(10,0) GENERATED ALWAYS AS IDENTITY MINVALUE 1 MAXVALUE 9999999999999999999999999999 INCREMENT BY 1 START WITH 1 CACHE 20 NOORDER  NOCYCLE  NOKEEP  NOSCALE , 
	"COD_FISCAL" VARCHAR2(255 CHAR), 
	"JUDET" VARCHAR2(255 CHAR), 
	"NR_CASA_ASIG_MEDIC" VARCHAR2(255 CHAR), 
	"UNITATEMEDICALA" VARCHAR2(255 CHAR), 
	"PACIENT_ID" NUMBER(10,0)
   ) SEGMENT CREATION IMMEDIATE 
  PCTFREE 10 PCTUSED 40 INITRANS 1 MAXTRANS 255 
 NOCOMPRESS LOGGING
  STORAGE(INITIAL 65536 NEXT 1048576 MINEXTENTS 1 MAXEXTENTS 2147483645
  PCTINCREASE 0 FREELISTS 1 FREELIST GROUPS 1
  BUFFER_POOL DEFAULT FLASH_CACHE DEFAULT CELL_FLASH_CACHE DEFAULT)
  TABLESPACE "USERS" ;
--------------------------------------------------------
--  DDL for Table TRATAMENT
--------------------------------------------------------

  CREATE TABLE "SASHA"."TRATAMENT" 
   (	"POZITIE" NUMBER(10,0) GENERATED ALWAYS AS IDENTITY MINVALUE 1 MAXVALUE 9999999999999999999999999999 INCREMENT BY 1 START WITH 1 CACHE 20 NOORDER  NOCYCLE  NOKEEP  NOSCALE , 
	"CANTITATE" FLOAT(126), 
	"DIAGNOSTIC_ID" NUMBER(10,0), 
	"COD_MEDICAMENT" NUMBER(10,0), 
	"PACIENT_ID" NUMBER(10,0), 
	"MEDIC_ID" NUMBER(10,0)
   ) SEGMENT CREATION IMMEDIATE 
  PCTFREE 10 PCTUSED 40 INITRANS 1 MAXTRANS 255 
 NOCOMPRESS LOGGING
  STORAGE(INITIAL 65536 NEXT 1048576 MINEXTENTS 1 MAXEXTENTS 2147483645
  PCTINCREASE 0 FREELISTS 1 FREELIST GROUPS 1
  BUFFER_POOL DEFAULT FLASH_CACHE DEFAULT CELL_FLASH_CACHE DEFAULT)
  TABLESPACE "USERS" ;
--------------------------------------------------------
--  DDL for Table USERS
--------------------------------------------------------

  CREATE TABLE "SASHA"."USERS" 
   (	"ID" NUMBER(10,0), 
	"EMAIL" VARCHAR2(255 CHAR), 
	"IMAGE_PATH" VARCHAR2(255 CHAR), 
	"NAME" VARCHAR2(255 CHAR), 
	"PASSWORD" VARCHAR2(255 CHAR), 
	"PHONE" VARCHAR2(255 CHAR), 
	"ROLE" VARCHAR2(255 CHAR), 
	"USER_NAME" VARCHAR2(255 CHAR)
   ) SEGMENT CREATION IMMEDIATE 
  PCTFREE 10 PCTUSED 40 INITRANS 1 MAXTRANS 255 
 NOCOMPRESS LOGGING
  STORAGE(INITIAL 65536 NEXT 1048576 MINEXTENTS 1 MAXEXTENTS 2147483645
  PCTINCREASE 0 FREELISTS 1 FREELIST GROUPS 1
  BUFFER_POOL DEFAULT FLASH_CACHE DEFAULT CELL_FLASH_CACHE DEFAULT)
  TABLESPACE "USERS" ;
REM INSERTING into SASHA.DIAGNOSTIC
SET DEFINE OFF;
Insert into SASHA.DIAGNOSTIC (CODBOALA,DENUMIRE,TIP) values (22,'gripa','sezoniera');
Insert into SASHA.DIAGNOSTIC (CODBOALA,DENUMIRE,TIP) values (4,'covid','forma usoara');
Insert into SASHA.DIAGNOSTIC (CODBOALA,DENUMIRE,TIP) values (21,'covid','forma grea');
REM INSERTING into SASHA.MEDICAMENTE
SET DEFINE OFF;
Insert into SASHA.MEDICAMENTE (COD_MEDICAMENT,DENUMIRE_MEDICAMENT) values (1,'ibuprofen');
Insert into SASHA.MEDICAMENTE (COD_MEDICAMENT,DENUMIRE_MEDICAMENT) values (21,'arbidol');
Insert into SASHA.MEDICAMENTE (COD_MEDICAMENT,DENUMIRE_MEDICAMENT) values (22,'coldrex');
Insert into SASHA.MEDICAMENTE (COD_MEDICAMENT,DENUMIRE_MEDICAMENT) values (23,'paracetamol');
REM INSERTING into SASHA.PACIENT
SET DEFINE OFF;
Insert into SASHA.PACIENT (ID,CNP,NUME,PRENUME,TIPASIG,VARSTA,USER_ID) values (22,1990210410106,'Ivanov','Violeta','cu plata',45,22);
Insert into SASHA.PACIENT (ID,CNP,NUME,PRENUME,TIPASIG,VARSTA,USER_ID) values (1,1990210410108,'Ceban','Cristian','student',22,22);
Insert into SASHA.PACIENT (ID,CNP,NUME,PRENUME,TIPASIG,VARSTA,USER_ID) values (21,1990210410107,'Bujor','Andrei','cu plata',56,22);
REM INSERTING into SASHA.RETETA
SET DEFINE OFF;
Insert into SASHA.RETETA (NR_RETETA,COD_FISCAL,JUDET,NR_CASA_ASIG_MEDIC,UNITATEMEDICALA,PACIENT_ID) values (21,'RO 12345679','dolj','CNAM DOLJ','craiova urgenta spital',21);
Insert into SASHA.RETETA (NR_RETETA,COD_FISCAL,JUDET,NR_CASA_ASIG_MEDIC,UNITATEMEDICALA,PACIENT_ID) values (22,'RO 12345679','dolj','CNAS DOLJ','craiova maria',21);
Insert into SASHA.RETETA (NR_RETETA,COD_FISCAL,JUDET,NR_CASA_ASIG_MEDIC,UNITATEMEDICALA,PACIENT_ID) values (3,'RO 12345678','dolj','CNAS DOLJ','craiova spital judetean',1);
REM INSERTING into SASHA.TRATAMENT
SET DEFINE OFF;
Insert into SASHA.TRATAMENT (POZITIE,CANTITATE,DIAGNOSTIC_ID,COD_MEDICAMENT,PACIENT_ID,MEDIC_ID) values (23,70,22,22,22,22);
Insert into SASHA.TRATAMENT (POZITIE,CANTITATE,DIAGNOSTIC_ID,COD_MEDICAMENT,PACIENT_ID,MEDIC_ID) values (24,50,4,21,22,22);
Insert into SASHA.TRATAMENT (POZITIE,CANTITATE,DIAGNOSTIC_ID,COD_MEDICAMENT,PACIENT_ID,MEDIC_ID) values (25,150,21,1,22,41);
Insert into SASHA.TRATAMENT (POZITIE,CANTITATE,DIAGNOSTIC_ID,COD_MEDICAMENT,PACIENT_ID,MEDIC_ID) values (21,50,4,21,1,22);
Insert into SASHA.TRATAMENT (POZITIE,CANTITATE,DIAGNOSTIC_ID,COD_MEDICAMENT,PACIENT_ID,MEDIC_ID) values (22,100,21,1,21,22);
REM INSERTING into SASHA.USERS
SET DEFINE OFF;
Insert into SASHA.USERS (ID,EMAIL,IMAGE_PATH,NAME,PASSWORD,PHONE,ROLE,USER_NAME) values (41,'medic@mail.com',null,'medic cristian','$2a$10$5E12GIJTc2r8aIDycVJFxe2Wj9pDk2dGPjZ2vEeL4UVbnq/s59EoG','7434234544',null,'cristi ceban');
Insert into SASHA.USERS (ID,EMAIL,IMAGE_PATH,NAME,PASSWORD,PHONE,ROLE,USER_NAME) values (22,'pacient@mail.com',null,'cristi','$2a$10$k.bT5tPnZ78woeYUovnyBOX6wqtvnHiSd2jJUvxzPrPzbyP.bB.Vi','748890329',null,'cristian');
--------------------------------------------------------
--  DDL for Index UK_B3EO465OBUHWGE9YU9FGYT3TR
--------------------------------------------------------

  CREATE UNIQUE INDEX "SASHA"."UK_B3EO465OBUHWGE9YU9FGYT3TR" ON "SASHA"."PACIENT" ("CNP") 
  PCTFREE 10 INITRANS 2 MAXTRANS 255 COMPUTE STATISTICS 
  STORAGE(INITIAL 65536 NEXT 1048576 MINEXTENTS 1 MAXEXTENTS 2147483645
  PCTINCREASE 0 FREELISTS 1 FREELIST GROUPS 1
  BUFFER_POOL DEFAULT FLASH_CACHE DEFAULT CELL_FLASH_CACHE DEFAULT)
  TABLESPACE "USERS" ;
--------------------------------------------------------
--  DDL for Index UK_6DOTKOTT2KJSP8VW4D0M25FB7
--------------------------------------------------------

  CREATE UNIQUE INDEX "SASHA"."UK_6DOTKOTT2KJSP8VW4D0M25FB7" ON "SASHA"."USERS" ("EMAIL") 
  PCTFREE 10 INITRANS 2 MAXTRANS 255 COMPUTE STATISTICS 
  STORAGE(INITIAL 65536 NEXT 1048576 MINEXTENTS 1 MAXEXTENTS 2147483645
  PCTINCREASE 0 FREELISTS 1 FREELIST GROUPS 1
  BUFFER_POOL DEFAULT FLASH_CACHE DEFAULT CELL_FLASH_CACHE DEFAULT)
  TABLESPACE "USERS" ;
--------------------------------------------------------
--  Constraints for Table DIAGNOSTIC
--------------------------------------------------------

  ALTER TABLE "SASHA"."DIAGNOSTIC" MODIFY ("CODBOALA" NOT NULL ENABLE);
  ALTER TABLE "SASHA"."DIAGNOSTIC" ADD PRIMARY KEY ("CODBOALA")
  USING INDEX PCTFREE 10 INITRANS 2 MAXTRANS 255 COMPUTE STATISTICS 
  STORAGE(INITIAL 65536 NEXT 1048576 MINEXTENTS 1 MAXEXTENTS 2147483645
  PCTINCREASE 0 FREELISTS 1 FREELIST GROUPS 1
  BUFFER_POOL DEFAULT FLASH_CACHE DEFAULT CELL_FLASH_CACHE DEFAULT)
  TABLESPACE "USERS"  ENABLE;
--------------------------------------------------------
--  Constraints for Table PACIENT
--------------------------------------------------------

  ALTER TABLE "SASHA"."PACIENT" MODIFY ("ID" NOT NULL ENABLE);
  ALTER TABLE "SASHA"."PACIENT" ADD PRIMARY KEY ("ID")
  USING INDEX PCTFREE 10 INITRANS 2 MAXTRANS 255 COMPUTE STATISTICS 
  STORAGE(INITIAL 65536 NEXT 1048576 MINEXTENTS 1 MAXEXTENTS 2147483645
  PCTINCREASE 0 FREELISTS 1 FREELIST GROUPS 1
  BUFFER_POOL DEFAULT FLASH_CACHE DEFAULT CELL_FLASH_CACHE DEFAULT)
  TABLESPACE "USERS"  ENABLE;
  ALTER TABLE "SASHA"."PACIENT" ADD CONSTRAINT "UK_B3EO465OBUHWGE9YU9FGYT3TR" UNIQUE ("CNP")
  USING INDEX PCTFREE 10 INITRANS 2 MAXTRANS 255 COMPUTE STATISTICS 
  STORAGE(INITIAL 65536 NEXT 1048576 MINEXTENTS 1 MAXEXTENTS 2147483645
  PCTINCREASE 0 FREELISTS 1 FREELIST GROUPS 1
  BUFFER_POOL DEFAULT FLASH_CACHE DEFAULT CELL_FLASH_CACHE DEFAULT)
  TABLESPACE "USERS"  ENABLE;
--------------------------------------------------------
--  Constraints for Table TRATAMENT
--------------------------------------------------------

  ALTER TABLE "SASHA"."TRATAMENT" MODIFY ("POZITIE" NOT NULL ENABLE);
  ALTER TABLE "SASHA"."TRATAMENT" ADD PRIMARY KEY ("POZITIE")
  USING INDEX PCTFREE 10 INITRANS 2 MAXTRANS 255 COMPUTE STATISTICS 
  STORAGE(INITIAL 65536 NEXT 1048576 MINEXTENTS 1 MAXEXTENTS 2147483645
  PCTINCREASE 0 FREELISTS 1 FREELIST GROUPS 1
  BUFFER_POOL DEFAULT FLASH_CACHE DEFAULT CELL_FLASH_CACHE DEFAULT)
  TABLESPACE "USERS"  ENABLE;
--------------------------------------------------------
--  Constraints for Table USERS
--------------------------------------------------------

  ALTER TABLE "SASHA"."USERS" MODIFY ("ID" NOT NULL ENABLE);
  ALTER TABLE "SASHA"."USERS" ADD PRIMARY KEY ("ID")
  USING INDEX PCTFREE 10 INITRANS 2 MAXTRANS 255 COMPUTE STATISTICS 
  STORAGE(INITIAL 65536 NEXT 1048576 MINEXTENTS 1 MAXEXTENTS 2147483645
  PCTINCREASE 0 FREELISTS 1 FREELIST GROUPS 1
  BUFFER_POOL DEFAULT FLASH_CACHE DEFAULT CELL_FLASH_CACHE DEFAULT)
  TABLESPACE "USERS"  ENABLE;
  ALTER TABLE "SASHA"."USERS" ADD CONSTRAINT "UK_6DOTKOTT2KJSP8VW4D0M25FB7" UNIQUE ("EMAIL")
  USING INDEX PCTFREE 10 INITRANS 2 MAXTRANS 255 COMPUTE STATISTICS 
  STORAGE(INITIAL 65536 NEXT 1048576 MINEXTENTS 1 MAXEXTENTS 2147483645
  PCTINCREASE 0 FREELISTS 1 FREELIST GROUPS 1
  BUFFER_POOL DEFAULT FLASH_CACHE DEFAULT CELL_FLASH_CACHE DEFAULT)
  TABLESPACE "USERS"  ENABLE;
--------------------------------------------------------
--  Constraints for Table RETETA
--------------------------------------------------------

  ALTER TABLE "SASHA"."RETETA" MODIFY ("NR_RETETA" NOT NULL ENABLE);
  ALTER TABLE "SASHA"."RETETA" ADD PRIMARY KEY ("NR_RETETA")
  USING INDEX PCTFREE 10 INITRANS 2 MAXTRANS 255 COMPUTE STATISTICS 
  STORAGE(INITIAL 65536 NEXT 1048576 MINEXTENTS 1 MAXEXTENTS 2147483645
  PCTINCREASE 0 FREELISTS 1 FREELIST GROUPS 1
  BUFFER_POOL DEFAULT FLASH_CACHE DEFAULT CELL_FLASH_CACHE DEFAULT)
  TABLESPACE "USERS"  ENABLE;
--------------------------------------------------------
--  Constraints for Table MEDICAMENTE
--------------------------------------------------------

  ALTER TABLE "SASHA"."MEDICAMENTE" MODIFY ("COD_MEDICAMENT" NOT NULL ENABLE);
  ALTER TABLE "SASHA"."MEDICAMENTE" ADD PRIMARY KEY ("COD_MEDICAMENT")
  USING INDEX PCTFREE 10 INITRANS 2 MAXTRANS 255 COMPUTE STATISTICS 
  STORAGE(INITIAL 65536 NEXT 1048576 MINEXTENTS 1 MAXEXTENTS 2147483645
  PCTINCREASE 0 FREELISTS 1 FREELIST GROUPS 1
  BUFFER_POOL DEFAULT FLASH_CACHE DEFAULT CELL_FLASH_CACHE DEFAULT)
  TABLESPACE "USERS"  ENABLE;
--------------------------------------------------------
--  Ref Constraints for Table PACIENT
--------------------------------------------------------

  ALTER TABLE "SASHA"."PACIENT" ADD CONSTRAINT "FKCNBTDQ1R08RKG974YHWXTI2S4" FOREIGN KEY ("USER_ID")
	  REFERENCES "SASHA"."USERS" ("ID") ENABLE;
--------------------------------------------------------
--  Ref Constraints for Table RETETA
--------------------------------------------------------

  ALTER TABLE "SASHA"."RETETA" ADD CONSTRAINT "FK4W86UI63P0D1KLB5Y2H5QRP95" FOREIGN KEY ("PACIENT_ID")
	  REFERENCES "SASHA"."PACIENT" ("ID") ENABLE;
--------------------------------------------------------
--  Ref Constraints for Table TRATAMENT
--------------------------------------------------------

  ALTER TABLE "SASHA"."TRATAMENT" ADD CONSTRAINT "FKG14E5BPD3VYPPPXARWB021O03" FOREIGN KEY ("COD_MEDICAMENT")
	  REFERENCES "SASHA"."MEDICAMENTE" ("COD_MEDICAMENT") ENABLE;
  ALTER TABLE "SASHA"."TRATAMENT" ADD CONSTRAINT "FK9E1I8TH162QAJ9AWG1H7J0E4H" FOREIGN KEY ("PACIENT_ID")
	  REFERENCES "SASHA"."PACIENT" ("ID") ENABLE;
  ALTER TABLE "SASHA"."TRATAMENT" ADD CONSTRAINT "FKHH9AV0K65WFVEYFAC9XQ5OHAC" FOREIGN KEY ("MEDIC_ID")
	  REFERENCES "SASHA"."USERS" ("ID") ENABLE;
  ALTER TABLE "SASHA"."TRATAMENT" ADD CONSTRAINT "FK9DI53P0K58WKWCV23R0USVWQM" FOREIGN KEY ("DIAGNOSTIC_ID")
	  REFERENCES "SASHA"."DIAGNOSTIC" ("CODBOALA") ENABLE;
